repo_name,code,issues,pull_requests,discussions,actions,projects,wiki,security,insights
freeCodeCamp/freeCodeCamp,True,True,True,False,True,False,False,True,True
996icu/996.ICU,True,False,True,False,True,False,False,True,True
vuejs/vue,True,True,True,False,True,True,True,True,True
EbookFoundation/free-programming-books,True,True,True,False,True,False,True,True,True
facebook/react,True,True,True,False,True,True,True,True,True
tensorflow/tensorflow,True,True,True,False,True,True,False,True,True
twbs/bootstrap,True,True,True,True,True,True,False,True,True
sindresorhus/awesome,True,True,True,False,True,False,False,True,True
getify/You-Dont-Know-JS,True,True,True,False,True,True,True,True,True
jwasham/coding-interview-university,True,True,True,False,True,False,False,True,True
kamranahmedse/developer-roadmap,True,True,True,False,True,True,False,True,True
ohmyzsh/ohmyzsh,True,True,True,False,True,True,True,True,True
CyC2018/CS-Notes,True,True,True,False,True,True,True,True,True
github/gitignore,True,False,True,False,True,True,False,True,True
donnemartin/system-design-primer,True,True,True,False,True,True,False,True,True
microsoft/vscode,True,True,True,False,True,True,True,True,True
airbnb/javascript,True,True,True,False,True,False,False,True,True
flutter/flutter,True,True,True,False,True,True,True,True,True
torvalds/linux,True,False,True,False,True,True,False,True,True
d3/d3,True,True,True,False,True,False,True,True,True
jackfrued/Python-100-Days,True,True,True,False,True,True,False,True,True
facebook/react-native,True,True,True,False,True,True,True,True,True
public-apis/public-apis,True,True,True,False,True,True,False,True,True
electron/electron,True,True,True,False,True,True,False,True,True
vinta/awesome-python,True,True,True,False,True,False,False,True,True
Snailclimb/JavaGuide,True,True,True,False,True,True,False,True,True
facebook/create-react-app,True,True,True,True,True,True,False,True,True
jlevy/the-art-of-command-line,True,True,True,False,True,True,False,True,True
TheAlgorithms/Python,True,True,True,False,True,True,True,True,True
danistefanovic/build-your-own-x,True,True,True,False,True,False,False,True,True
axios/axios,True,True,True,False,True,True,False,True,True
golang/go,True,True,True,False,True,True,True,True,True
trekhleb/javascript-algorithms,True,True,True,False,True,False,False,True,True
nodejs/node,True,True,True,False,True,True,False,True,True
ytdl-org/youtube-dl,True,True,True,False,True,False,False,True,True
justjavac/free-programming-books-zh_CN,True,False,True,False,True,False,False,True,True
kubernetes/kubernetes,True,True,True,False,True,True,False,True,True
animate-css/animate.css,True,True,True,False,True,True,False,True,True
microsoft/terminal,True,True,True,False,True,True,False,True,True
tensorflow/models,True,True,True,False,True,True,True,True,True
denoland/deno,True,True,True,False,True,False,False,True,True
FortAwesome/Font-Awesome,True,True,True,False,True,True,True,True,True
angular/angular,True,True,True,False,True,True,False,True,True
puppeteer/puppeteer,True,True,True,False,True,False,False,True,True
ossu/computer-science,True,True,True,False,True,True,True,True,True
microsoft/TypeScript,True,True,True,False,True,True,True,True,True
mrdoob/three.js,True,True,True,False,True,True,True,True,True
ant-design/ant-design,True,True,True,False,True,True,True,True,True
laravel/laravel,True,False,True,False,True,True,False,True,True
angular/angular.js,True,True,True,False,True,True,True,True,True
mui-org/material-ui,True,True,True,False,True,True,False,True,True
iluwatar/java-design-patterns,True,True,True,False,True,False,True,True,True
30-seconds/30-seconds-of-code,True,True,True,False,True,True,False,True,True
moby/moby,True,True,True,False,True,True,True,True,True
PanJiaChen/vue-element-admin,True,True,True,False,True,True,True,True,True
MisterBooo/LeetCodeAnimation,True,True,True,False,True,True,False,True,True
avelino/awesome-go,True,True,True,False,True,False,False,True,True
vuejs/awesome-vue,True,True,True,False,True,True,False,True,True
webpack/webpack,True,True,True,False,True,True,True,True,True
nvbn/thefuck,True,True,True,False,True,True,True,True,True
reduxjs/redux,True,True,True,False,True,False,False,True,True
jquery/jquery,True,True,True,False,True,True,True,True,True
hakimel/reveal.js,True,True,True,False,True,True,True,True,True
atom/atom,True,True,True,False,True,True,False,True,True
apple/swift,True,False,True,False,False,False,False,True,True
pallets/flask,True,True,True,False,True,False,False,True,True
django/django,True,False,True,False,True,False,False,True,True
socketio/socket.io,True,True,True,False,True,True,False,True,True
vercel/next.js,True,True,True,True,True,False,False,True,True
shadowsocks/shadowsocks-windows,True,True,True,False,True,True,True,True,True
storybookjs/storybook,True,True,True,True,True,True,False,True,True
elastic/elasticsearch,True,True,True,False,True,True,False,True,True
chartjs/Chart.js,True,True,True,False,True,False,False,True,True
expressjs/express,True,True,True,False,True,False,True,True,True
spring-projects/spring-boot,True,True,True,False,True,True,True,True,True
keras-team/keras,True,True,True,False,True,True,True,True,True
tonsky/FiraCode,True,True,True,False,True,True,True,True,True
chrislgarry/Apollo-11,True,True,True,False,True,True,True,True,True
Semantic-Org/Semantic-UI,True,True,True,False,True,True,True,True,True
typicode/json-server,True,True,True,False,True,True,False,True,True
netdata/netdata,True,True,True,False,True,True,True,True,True
goldbergyoni/nodebestpractices,True,True,True,False,True,True,False,True,True
jakubroztocil/httpie,True,True,True,False,True,True,False,True,True
adam-p/markdown-here,True,True,True,False,True,True,True,True,True
labuladong/fucking-algorithm,True,True,True,False,True,True,False,True,True
h5bp/html5-boilerplate,True,True,True,False,True,False,True,True,True
rust-lang/rust,True,True,True,False,True,True,False,True,True
xingshaocheng/architect-awesome,True,True,True,False,True,True,False,True,True
ElemeFE/element,True,True,True,False,True,True,True,True,True
rails/rails,True,True,True,False,True,False,False,True,True
opencv/opencv,True,True,True,False,False,False,True,True,True
awesome-selfhosted/awesome-selfhosted,True,True,True,False,True,True,True,True,True
lodash/lodash,True,True,True,False,True,False,True,True,True
gatsbyjs/gatsby,True,True,True,False,True,True,False,True,True
kdn251/interviews,True,True,True,False,True,True,False,True,True
josephmisiti/awesome-machine-learning,True,True,True,False,True,False,False,True,True
gohugoio/hugo,True,True,True,False,True,True,False,True,True
h5bp/Front-end-Developer-Interview-Questions,True,True,True,False,True,False,True,True,True
doocs/advanced-java,True,True,True,False,True,False,False,True,True
resume/resume.github.com,True,True,True,False,True,True,False,True,True
moment/moment,True,True,True,False,True,True,False,True,True
bitcoin/bitcoin,True,True,True,False,False,True,False,True,True
ansible/ansible,True,True,True,False,True,True,False,True,True
antirez/redis,True,True,True,False,True,True,False,True,True
yangshun/tech-interview-handbook,True,True,True,False,True,False,False,True,True
gothinkster/realworld,True,True,True,False,True,True,True,True,True
ReactiveX/RxJava,True,True,True,False,True,True,True,True,True
psf/requests,True,True,True,False,True,False,True,True,True
nvm-sh/nvm,True,True,True,False,True,False,False,True,True
protocolbuffers/protobuf,True,True,True,False,True,True,True,True,True
mtdvio/every-programmer-should-know,True,True,True,False,True,True,False,True,True
kelseyhightower/nocode,True,True,True,False,True,True,False,True,True
meteor/meteor,True,True,True,False,True,True,True,True,True
apache/incubator-echarts,True,True,True,False,True,True,True,True,True
scikit-learn/scikit-learn,True,True,True,False,True,True,True,True,True
ionic-team/ionic,True,True,True,False,True,True,False,True,True
thedaviddias/Front-End-Checklist,True,True,True,False,True,True,False,True,True
papers-we-love/papers-we-love,True,True,True,False,True,False,True,True,True
ReactTraining/react-router,True,True,True,False,False,False,False,True,True
jekyll/jekyll,True,True,True,False,True,True,True,True,True
google/material-design-icons,True,True,True,False,True,True,True,True,True
jgthms/bulma,True,True,True,False,True,True,False,True,True
awesomedata/awesome-public-datasets,True,True,True,False,True,False,False,True,True
pytorch/pytorch,True,True,True,False,True,True,True,True,True
necolas/normalize.css,True,True,True,False,True,False,False,True,True
gin-gonic/gin,True,True,True,False,True,False,False,True,True
yarnpkg/yarn,True,True,True,False,True,True,False,True,True
scutan90/DeepLearning-500-questions,True,True,True,False,True,True,False,True,True
wasabeef/awesome-android-ui,True,False,True,False,True,False,False,True,True
jaywcjlove/awesome-mac,True,True,True,False,True,True,False,True,True
aymericdamien/TensorFlow-Examples,True,True,True,False,True,True,True,True,True
NARKOZ/hacker-scripts,True,True,True,False,True,False,False,True,True
google/guava,True,True,True,False,True,True,True,True,True
spring-projects/spring-framework,True,True,True,False,True,True,True,True,True
Dogfalo/materialize,True,True,True,False,True,True,True,True,True
Hack-with-Github/Awesome-Hacking,True,False,True,False,True,False,False,True,True
minimaxir/big-list-of-naughty-strings,True,True,True,False,True,True,True,True,True
scrapy/scrapy,True,True,True,False,True,True,True,True,True
square/okhttp,True,True,True,False,True,False,False,True,True
enaqx/awesome-react,True,True,True,False,True,False,False,True,True
neovim/neovim,True,True,True,False,True,False,True,True,True
nwjs/nw.js,True,True,True,False,True,True,True,True,True
fatedier/frp,True,True,True,False,True,True,True,True,True
prettier/prettier,True,True,True,False,True,True,True,True,True
babel/babel,True,True,True,True,True,True,False,True,True
ryanmcdermott/clean-code-javascript,True,True,True,False,True,True,False,True,True
FreeCodeCampChina/freecodecamp.cn,True,True,True,False,True,True,True,True,True
android/architecture-samples,True,True,True,False,True,True,True,True,True
macrozheng/mall,True,True,True,False,True,True,True,True,True
serverless/serverless,True,True,True,False,True,False,False,True,True
sindresorhus/awesome-nodejs,True,True,True,False,True,False,False,True,True
ripienaar/free-for-dev,True,False,True,False,True,False,False,True,True
parcel-bundler/parcel,True,True,True,True,True,True,True,True,True
square/retrofit,True,True,True,False,True,False,True,True,True
juliangarnier/anime,True,True,True,False,True,True,False,True,True
impress/impress.js,True,True,True,False,True,True,True,True,True
grafana/grafana,True,True,True,False,True,True,True,True,True
ziishaned/learn-regex,True,True,True,False,True,True,False,True,True
x64dbg/x64dbg,True,True,True,False,True,True,True,True,True
ColorlibHQ/AdminLTE,True,True,True,False,True,True,False,True,True
vsouza/awesome-ios,True,True,True,False,True,False,False,True,True
nodejs/node-v0.x-archive,True,True,True,False,True,True,True,True,True
tesseract-ocr/tesseract,True,True,True,False,True,True,True,True,True
astaxie/build-web-application-with-golang,True,True,True,False,True,True,True,True,True
ageitgey/face_recognition,True,True,True,False,True,True,True,True,True
sveltejs/svelte,True,True,True,False,True,True,True,True,True
gogs/gogs,True,True,True,False,True,False,True,True,True
MaximAbramchuck/awesome-interview-questions,True,True,True,False,True,True,False,True,True
TryGhost/Ghost,True,True,True,False,True,False,False,True,True
home-assistant/core,True,True,True,False,True,True,False,True,True
soimort/you-get,True,False,True,False,True,True,True,True,True
tuvtran/project-based-learning,True,True,True,False,True,True,False,True,True
Alamofire/Alamofire,True,True,True,False,True,True,False,True,True
k88hudson/git-flight-rules,True,True,True,False,True,True,True,True,True
azl397985856/leetcode,True,True,True,False,True,True,False,True,True
prakhar1989/awesome-courses,True,True,True,False,True,True,False,True,True
bailicangdu/vue2-elm,True,True,True,False,True,True,False,True,True
vercel/hyper,True,True,True,False,True,True,False,True,True
v2ray/v2ray-core,True,True,True,False,True,False,False,True,True
git/git,True,False,True,False,True,False,False,True,True
AFNetworking/AFNetworking,True,True,True,False,True,False,True,True,True
trimstray/the-book-of-secret-knowledge,True,True,True,False,True,False,False,True,True
apache/dubbo,True,True,True,False,True,True,True,True,True
Unitech/pm2,True,True,True,False,True,False,False,True,True
Genymobile/scrcpy,True,True,True,False,True,True,False,True,True
shadowsocks/shadowsocks,True,False,True,False,True,True,True,True,True
cdr/code-server,True,True,True,False,True,False,False,True,True
JetBrains/kotlin,True,False,True,False,True,False,False,True,True
leonardomso/33-js-concepts,True,True,True,False,True,True,False,True,True
python/cpython,True,False,True,False,True,False,False,True,True
sdmg15/Best-websites-a-programmer-should-visit,True,True,True,False,True,True,False,True,True
syncthing/syncthing,True,True,True,False,True,True,True,True,True
justjavac/awesome-wechat-weapp,True,False,True,False,True,False,False,True,True
gulpjs/gulp,True,True,True,True,True,True,False,True,True
etcd-io/etcd,True,True,True,False,True,False,False,True,True
google/material-design-lite,True,True,True,False,True,False,True,True,True
521xueweihan/HelloGitHub,True,True,True,False,True,True,False,True,True
facebook/jest,True,True,True,False,True,True,True,True,True
adobe/brackets,True,True,True,False,True,True,True,True,True
prometheus/prometheus,True,True,True,False,True,True,True,True,True
godotengine/godot,True,True,True,False,True,True,False,True,True
deepfakes/faceswap,True,True,True,False,True,True,False,True,True
mozilla/pdf.js,True,True,True,False,False,True,True,True,True
PhilJay/MPAndroidChart,True,True,True,False,True,True,True,True,True
karan/Projects,True,True,True,False,True,True,False,True,True
discourse/discourse,True,False,True,False,True,False,False,True,True
algorithm-visualizer/algorithm-visualizer,True,True,True,False,True,True,True,True,True
mermaid-js/mermaid,True,True,True,False,True,True,True,True,True
blueimp/jQuery-File-Upload,True,True,True,False,True,False,True,True,True
hexojs/hexo,True,True,True,False,True,True,True,True,True
BVLC/caffe,True,True,True,False,True,True,True,True,True
junegunn/fzf,True,True,True,False,True,False,True,True,True
sahat/hackathon-starter,True,True,True,False,True,True,False,True,True
tiimgreen/github-cheat-sheet,True,True,True,False,True,True,False,True,True
alvarotrigo/fullPage.js,True,True,True,False,True,True,True,True,True
XX-net/XX-Net,True,True,True,False,True,True,True,True,True
slatedocs/slate,True,True,True,True,True,False,True,True,True
Trinea/android-open-project,True,True,True,False,True,True,True,True,True
shadowsocks/shadowsocks-android,True,True,True,False,True,True,True,True,True
styled-components/styled-components,True,True,True,False,True,False,False,True,True
pixijs/pixi.js,True,True,True,False,True,True,True,True,True
immutable-js/immutable-js,True,True,True,False,True,True,True,True,True
huggingface/transformers,True,True,True,False,True,True,False,True,True
koajs/koa,True,True,True,False,True,True,True,True,True
containous/traefik,True,True,True,False,True,True,True,True,True
bumptech/glide,True,True,True,False,True,True,True,True,True
chinese-poetry/chinese-poetry,True,True,True,False,True,True,True,True,True
fastlane/fastlane,True,True,True,False,True,True,False,True,True
apache/incubator-superset,True,True,True,False,True,True,False,True,True
caddyserver/caddy,True,True,True,False,True,False,True,True,True
airbnb/lottie-android,True,True,True,False,True,False,False,True,True
exacity/deeplearningbook-chinese,True,True,True,False,True,True,False,True,True
Avik-Jain/100-Days-Of-ML-Code,True,False,True,False,True,True,False,True,True
zenorocha/clipboard.js,True,True,True,False,True,True,True,True,True
Solido/awesome-flutter,True,False,True,False,True,False,False,True,True
DefinitelyTyped/DefinitelyTyped,True,True,True,False,True,True,True,True,True
foundation/foundation-sites,True,True,True,False,True,True,True,True,True
huginn/huginn,True,True,True,False,True,True,True,True,True
videojs/video.js,True,True,True,False,True,True,True,True,True
kamranahmedse/design-patterns-for-humans,True,True,True,False,True,True,False,True,True
testerSunshine/12306,True,True,True,False,True,True,False,True,True
Leaflet/Leaflet,True,True,True,False,True,True,False,True,True
nestjs/nest,True,True,True,False,True,True,False,True,True
shadowsocks/ShadowsocksX-NG,True,True,True,False,True,False,True,True,True
nuxt/nuxt.js,True,True,True,False,True,True,True,True,True
JuliaLang/julia,True,True,True,False,True,False,False,True,True
microsoft/PowerToys,True,True,True,False,True,True,True,True,True
Homebrew/legacy-homebrew,True,True,True,False,True,False,False,True,True
ariya/phantomjs,True,True,True,False,True,True,True,True,True
isocpp/CppCoreGuidelines,True,True,True,False,True,True,True,True,True
lukehoban/es6features,True,True,True,False,True,True,False,True,True
jashkenas/backbone,True,True,True,False,True,True,True,True,True
iamkun/dayjs,True,True,True,False,True,True,False,True,True
0voice/interview_internal_reference,True,True,True,False,True,True,False,True,True
php/php-src,True,False,True,False,True,False,False,True,True
photonstorm/phaser,True,True,True,False,True,False,False,True,True
jondot/awesome-react-native,True,True,True,False,True,True,False,True,True
RocketChat/Rocket.Chat,True,True,True,False,True,True,False,True,True
tldr-pages/tldr,True,True,True,False,True,True,True,True,True
Blankj/AndroidUtilCode,True,True,True,False,True,False,False,True,True
dypsilon/frontend-dev-bookmarks,True,True,True,False,True,True,False,True,True
joshbuchea/HEAD,True,True,True,False,True,True,False,True,True
TheAlgorithms/Java,True,True,True,False,True,True,False,True,True
quilljs/quill,True,True,True,False,True,False,False,True,True
certbot/certbot,True,True,True,False,True,True,False,True,True
bilibili/ijkplayer,True,True,True,False,True,True,False,True,True
codepath/android_guides,True,True,True,False,True,True,True,True,True
open-guides/og-aws,True,True,True,False,True,True,False,True,True
tastejs/todomvc,True,True,True,False,True,False,True,True,True
strapi/strapi,True,True,True,True,True,True,False,True,True
grpc/grpc,True,True,True,False,True,True,True,True,True
caolan/async,True,True,True,False,True,True,True,True,True
xitu/gold-miner,True,True,True,False,True,False,True,True,True
apache/spark,True,False,True,False,True,True,False,True,True
preactjs/preact,True,True,True,False,True,True,True,True,True
binhnguyennus/awesome-scalability,True,False,True,False,True,False,False,True,True
floodsung/Deep-Learning-Papers-Reading-Roadmap,True,True,True,False,True,True,False,True,True
alex/what-happens-when,True,True,True,False,True,True,False,True,True
bayandin/awesome-awesomeness,True,True,True,False,True,True,False,True,True
ethereum/go-ethereum,True,True,True,False,True,True,True,True,True
Kong/kong,True,True,True,False,True,False,False,True,True
vuetifyjs/vuetify,True,True,True,True,True,False,False,True,True
fffaraz/awesome-cpp,True,True,True,False,True,False,False,True,True
NervJS/taro,True,True,True,False,True,True,False,True,True
react-boilerplate/react-boilerplate,True,True,True,False,True,False,False,True,True
kenwheeler/slick,True,True,True,False,True,True,False,True,True
vuejs/vue-cli,True,True,True,False,True,True,True,True,True
zxing/zxing,True,True,True,False,True,False,True,True,True
apachecn/AiLearning,True,True,True,False,True,True,False,True,True
proxyee-down-org/proxyee-down,True,False,True,False,True,True,True,True,True
ant-design/ant-design-pro,True,True,True,False,True,True,False,True,True
danielmiessler/SecLists,True,True,True,False,True,True,True,True,True
pandas-dev/pandas,True,True,True,False,True,True,True,True,True
jashkenas/underscore,True,True,True,False,True,True,True,True,True
JakeWharton/butterknife,True,True,True,False,True,False,False,True,True
shengxinjing/programmer-job-blacklist,True,True,True,False,True,True,False,True,True
wg/wrk,True,True,True,False,True,True,True,True,True
getsentry/sentry,True,True,True,False,True,False,False,True,True
aosabook/500lines,True,True,True,False,True,True,True,True,True
localstack/localstack,True,True,True,False,True,True,False,True,True
faif/python-patterns,True,True,True,False,True,True,False,True,True
akullpp/awesome-java,True,True,True,False,True,True,False,True,True
square/leakcanary,True,True,True,False,True,False,False,True,True
crossoverJie/JCSprout,True,True,True,False,True,True,False,True,True
Tencent/weui,True,True,True,False,True,True,True,True,True
dylanaraps/pure-bash-bible,True,True,True,False,True,False,False,True,True
google/styleguide,True,True,True,False,True,False,False,True,True
request/request,True,True,True,False,True,False,False,True,True
ngosang/trackerslist,True,True,True,False,True,False,False,True,True
FiloSottile/mkcert,True,True,True,False,False,False,False,True,True
carbon-app/carbon,True,True,True,False,True,False,False,True,True
nylas/nylas-mail,True,True,True,False,True,True,False,True,True
yangshun/front-end-interview-handbook,True,True,True,False,True,True,False,True,True
select2/select2,True,True,True,False,True,False,False,True,True
tailwindcss/tailwindcss,True,True,True,True,True,False,False,True,True
madewithml/basics,True,True,True,False,True,True,False,True,True
Alvin9999/new-pac,True,True,True,False,True,True,True,True,True
Modernizr/Modernizr,True,True,True,False,True,False,True,True,True
jakevdp/PythonDataScienceHandbook,True,True,True,False,True,True,False,True,True
astaxie/beego,True,True,True,False,True,True,True,True,True
johnpapa/angular-styleguide,True,True,True,False,True,True,False,True,True
iina/iina,True,True,True,False,True,False,True,True,True
fzaninotto/Faker,True,True,True,False,True,True,False,True,True
houshanren/hangzhou_house_knowledge,True,False,True,False,True,True,False,True,True
vuejs/vuex,True,True,True,False,True,True,False,True,True
pingcap/tidb,True,True,True,False,True,True,True,True,True
nvie/gitflow,True,True,True,False,True,True,True,True,True
Marak/faker.js,True,True,True,False,True,True,True,True,True
nolimits4web/swiper,True,True,True,False,True,True,True,True,True
standard/standard,True,True,True,False,True,False,False,True,True
netty/netty,True,True,True,False,True,True,True,True,True
ZuzooVn/machine-learning-for-software-engineers,True,True,True,False,True,True,False,True,True
florinpop17/app-ideas,True,True,True,False,True,True,False,True,True
dkhamsing/open-source-ios-apps,True,True,True,False,True,False,True,True,True
ziadoz/awesome-php,True,True,True,False,True,False,False,True,True
jiahaog/nativefier,True,True,True,False,True,True,False,True,True
pi-hole/pi-hole,True,True,True,False,True,True,True,True,True
github/fetch,True,True,True,False,True,False,False,True,True
rethinkdb/rethinkdb,True,True,True,False,True,False,True,True,True
google-research/bert,True,True,True,False,True,True,False,True,True
herrbischoff/awesome-macos-command-line,True,False,True,False,True,False,False,True,True
symfony/symfony,True,True,True,False,True,True,False,True,True
mathiasbynens/dotfiles,True,True,True,False,True,True,False,True,True
alacritty/alacritty,True,True,True,False,False,False,True,True,True
angular/angular-cli,True,True,True,False,True,False,True,True,True
facebookresearch/Detectron,True,True,True,False,True,True,False,True,True
iview/iview,True,True,True,False,True,True,False,True,True
fxsjy/jieba,True,True,True,False,True,True,True,True,True
lerna/lerna,True,True,True,False,True,True,False,True,True
istio/istio,True,True,True,False,False,False,True,True,True
composer/composer,True,True,True,False,True,False,False,True,True
freeCodeCamp/devdocs,True,True,True,False,True,False,False,True,True
3b1b/manim,True,True,True,False,True,True,True,True,True
raywenderlich/swift-algorithm-club,True,True,True,False,True,True,False,True,True
CSSEGISandData/COVID-19,True,True,True,False,True,True,False,True,True
danielgindi/Charts,True,True,True,False,True,True,True,True,True
IanLunn/Hover,True,True,True,False,True,True,True,True,True
brillout/awesome-react-components,True,True,True,False,True,True,False,True,True
CodeHubApp/CodeHub,True,True,True,False,True,False,True,True,True
serhii-londar/open-source-mac-os-apps,True,True,True,False,True,True,False,True,True
postcss/postcss,True,True,True,False,True,False,False,True,True
SDWebImage/SDWebImage,True,True,True,False,True,True,True,True,True
dcloudio/uni-app,True,True,True,False,True,True,False,True,True
transloadit/uppy,True,True,True,False,True,True,False,True,True
formik/formik,True,True,True,True,True,False,False,True,True
date-fns/date-fns,True,True,True,True,True,False,False,True,True
markedjs/marked,True,True,True,False,True,True,False,True,True
ityouknow/spring-boot-examples,True,True,True,False,True,True,False,True,True
greenrobot/EventBus,True,True,True,False,True,True,True,True,True
hashicorp/terraform,True,True,True,False,True,False,False,True,True
GitbookIO/gitbook,True,False,True,False,True,True,False,True,True
skylot/jadx,True,True,True,False,True,True,True,True,True
minio/minio,True,True,True,False,True,False,False,True,True
lib-pku/libpku,True,True,True,False,True,True,False,True,True
gitlabhq/gitlabhq,True,False,True,False,True,False,False,True,True
ReactiveX/rxjs,True,True,True,False,True,True,False,True,True
ryanoasis/nerd-fonts,True,True,True,False,True,True,True,True,True
sequelize/sequelize,True,True,True,False,True,False,False,True,True
harvesthq/chosen,True,True,True,False,True,True,False,True,True
alibaba/p3c,True,True,True,False,True,True,True,True,True
rclone/rclone,True,True,True,False,True,True,True,True,True
cheeriojs/cheerio,True,True,True,False,True,True,True,True,True
webtorrent/webtorrent,True,True,True,False,True,False,False,True,True
mobxjs/mobx,True,True,True,False,True,False,True,True,True
geekcompany/ResumeSample,True,False,True,False,True,True,False,True,True
agalwood/Motrix,True,True,True,False,True,True,True,True,True
Homebrew/brew,True,True,True,False,True,False,False,True,True
unknwon/the-way-to-go_ZH_CN,True,False,True,False,True,False,False,True,True
amix/vimrc,True,True,True,False,True,True,True,True,True
VincentGarreau/particles.js,True,True,True,False,True,True,True,True,True
sentsin/layui,True,True,True,False,True,True,False,True,True
alibaba/fastjson,True,True,True,False,True,True,True,True,True
alibaba/arthas,True,True,True,False,True,True,True,True,True
kelseyhightower/kubernetes-the-hard-way,True,True,True,False,True,True,False,True,True
ajaxorg/ace,True,True,True,False,True,True,True,True,True
fighting41love/funNLP,True,True,True,False,True,True,False,True,True
naptha/tesseract.js,True,True,True,False,True,True,False,True,True
kon9chunkit/GitHub-Chinese-Top-Charts,True,True,True,False,True,True,False,True,True
SheetJS/sheetjs,True,True,True,False,True,False,True,True,True
alibaba/druid,True,True,True,False,True,True,True,True,True
emberjs/ember.js,True,True,True,False,True,True,False,True,True
ocornut/imgui,True,True,True,False,True,False,True,True,True
eugenp/tutorials,True,True,True,False,True,True,True,True,True
hammerjs/hammer.js,True,True,True,False,True,True,True,True,True
tabler/tabler,True,True,True,False,False,False,False,True,True
elsewhencode/project-guidelines,True,True,True,False,True,True,False,True,True
Polymer/polymer,True,True,True,False,True,True,True,True,True
alibaba/flutter-go,True,True,True,False,True,True,False,True,True
balderdashy/sails,True,True,True,False,True,False,False,True,True
ycm-core/YouCompleteMe,True,True,True,False,True,True,True,True,True
VundleVim/Vundle.vim,True,True,True,False,True,True,True,True,True
laravel/framework,True,True,True,True,True,False,False,True,True
CamDavidsonPilon/Probabilistic-Programming-and-Bayesian-Methods-for-Hackers,True,True,True,False,True,True,True,True,True
0xAX/linux-insides,True,True,True,False,True,False,False,True,True
tootsuite/mastodon,True,True,True,False,True,True,False,True,True
NationalSecurityAgency/ghidra,True,True,True,False,True,True,True,True,True
facebookresearch/fastText,True,True,True,False,True,True,False,True,True
terryum/awesome-deep-learning-papers,True,True,True,False,True,True,False,True,True
drone/drone,True,True,True,False,True,True,False,True,True
ctripcorp/apollo,True,True,True,False,True,True,True,True,True
StreisandEffect/streisand,True,True,True,False,True,True,True,True,True
metabase/metabase,True,True,True,False,True,True,True,True,True
rstacruz/nprogress,True,True,True,False,True,True,False,True,True
airbnb/lottie-web,True,True,True,False,True,False,True,True,True
openai/gym,True,True,True,False,True,True,True,True,True
google/leveldb,True,True,True,False,True,False,False,True,True
realpython/python-guide,True,True,True,False,True,False,False,True,True
cmderdev/cmder,True,True,True,False,True,True,True,True,True
Automattic/mongoose,True,True,True,False,True,True,True,True,True
cypress-io/cypress,True,True,True,False,True,False,False,True,True
scwang90/SmartRefreshLayout,True,True,True,False,True,True,False,True,True
satwikkansal/wtfpython,True,True,True,False,True,True,False,True,True
gorhill/uBlock,True,True,True,False,True,True,True,True,True
pure-css/pure,True,True,True,False,True,True,False,True,True
heartcombo/devise,True,True,True,False,True,False,True,True,True
niklasvh/html2canvas,True,True,True,False,True,True,True,True,True
fouber/blog,True,True,True,False,True,True,True,True,True
t4t5/sweetalert,True,True,True,False,True,True,True,True,True
remy/nodemon,True,True,True,False,True,False,True,True,True
akveo/ngx-admin,True,True,True,False,True,False,False,True,True
rapid7/metasploit-framework,True,True,True,False,True,True,True,True,True
lydiahallie/javascript-questions,True,True,True,False,True,True,False,True,True
facebook/flow,True,True,True,False,True,True,True,True,True
MunGell/awesome-for-beginners,True,True,True,False,True,False,False,True,True
pypa/pipenv,True,True,True,False,True,True,True,True,True
sharkdp/bat,True,True,True,False,True,True,False,True,True
wagoodman/dive,True,True,True,False,True,True,False,True,True
redux-saga/redux-saga,True,True,True,False,True,True,True,True,True
codemirror/CodeMirror,True,True,True,False,True,False,True,True,True
vim/vim,True,True,True,False,True,True,True,True,True
littlecodersh/ItChat,True,True,True,False,True,True,True,True,True
sorrycc/awesome-javascript,True,True,True,False,True,False,False,True,True
microsoft/monaco-editor,True,True,True,False,True,False,True,True,True
ggreer/the_silver_searcher,True,True,True,False,True,True,True,True,True
koalaman/shellcheck,True,True,True,False,True,True,True,True,True
BurntSushi/ripgrep,True,True,True,True,True,False,False,True,True
Tencent/wepy,True,True,True,False,True,True,True,True,True
SortableJS/Sortable,True,True,True,False,True,True,True,True,True
JedWatson/react-select,True,True,True,False,True,True,True,True,True
aria2/aria2,True,True,True,False,True,True,True,True,True
liyasthomas/postwoman,True,True,True,False,True,True,True,True,True
go-gitea/gitea,True,True,True,False,True,False,False,True,True
CymChad/BaseRecyclerViewAdapterHelper,True,True,True,False,True,True,True,True,True
obsproject/obs-studio,True,True,True,False,True,False,True,True,True
syl20bnr/spacemacs,True,True,True,False,True,True,True,True,True
ovity/octotree,True,True,True,False,True,False,False,True,True
kriasoft/react-starter-kit,True,True,True,False,True,True,True,True,True
FezVrasta/bootstrap-material-design,True,True,True,False,True,True,True,True,True
GoogleChrome/lighthouse,True,True,True,False,True,True,False,True,True
ageron/handson-ml,True,True,True,False,True,True,False,True,True
FFmpeg/FFmpeg,True,False,True,False,True,True,False,True,True
dimsemenov/PhotoSwipe,True,True,True,False,True,True,False,True,True
donnemartin/interactive-coding-challenges,True,True,True,False,True,True,False,True,True
hashicorp/vagrant,True,True,True,False,True,True,True,True,True
PowerShell/PowerShell,True,True,True,False,True,True,False,True,True
mbeaudru/modern-js-cheatsheet,True,True,True,False,True,True,False,True,True
angular/components,True,True,True,False,True,True,True,True,True
docker/compose,True,True,True,False,True,True,False,True,True
microsoft/calculator,True,True,True,False,True,True,False,True,True
LisaDziuba/Awesome-Design-Tools,True,True,True,False,True,True,False,True,True
google/iosched,True,True,True,False,True,True,False,True,True
sindresorhus/awesome-electron,True,True,True,False,True,False,False,True,True
Netflix/Hystrix,True,True,True,False,True,True,True,True,True
Meituan-Dianping/mpvue,True,True,True,False,True,True,False,True,True
facebookarchive/pop,True,True,True,False,True,True,False,True,True
pyenv/pyenv,True,True,True,False,True,True,True,True,True
github/hub,True,True,True,False,True,True,False,True,True
hankcs/HanLP,True,True,True,False,True,True,True,True,True
bevacqua/dragula,True,True,True,False,True,True,False,True,True
ReactiveCocoa/ReactiveCocoa,True,True,True,False,True,True,False,True,True
airbnb/lottie-ios,True,True,True,False,True,True,False,True,True
kahun/awesome-sysadmin,True,True,True,False,True,True,True,True,True
Reactive-Extensions/RxJS,True,True,True,False,True,True,True,True,True
atlassian/react-beautiful-dnd,True,True,True,False,True,True,False,True,True
SwiftyJSON/SwiftyJSON,True,True,True,False,True,True,False,True,True
typeorm/typeorm,True,True,True,False,True,False,False,True,True
reduxjs/react-redux,True,True,True,False,True,False,False,True,True
powerline/fonts,True,True,True,False,True,True,True,True,True
railsware/upterm,True,True,True,False,True,True,True,True,True
alebcay/awesome-shell,True,True,True,False,True,True,False,True,True
jgm/pandoc,True,True,True,False,True,True,True,True,True
hashicorp/consul,True,True,True,False,True,False,False,True,True
junegunn/vim-plug,True,True,True,False,True,True,True,True,True
mochajs/mocha,True,True,True,False,True,True,True,True,True
guzzle/guzzle,True,True,True,False,True,True,False,True,True
Advanced-Frontend/Daily-Interview-Question,True,True,True,False,True,True,False,True,True
SwiftGGTeam/the-swift-programming-language-in-chinese,True,True,True,False,True,True,True,True,True
byoungd/English-level-up-tips-for-Chinese,True,True,True,False,True,True,False,True,True
markerikson/react-redux-links,True,True,True,False,True,True,False,True,True
typicode/husky,True,True,True,False,True,True,False,True,True
jobbole/awesome-python-cn,True,True,True,False,True,False,False,True,True
dokku/dokku,True,True,True,False,True,False,True,True,True
bvaughn/react-virtualized,True,True,True,False,True,True,True,True,True
matteocrippa/awesome-swift,True,True,True,False,True,True,False,True,True
BradLarson/GPUImage,True,True,True,False,True,True,True,True,True
MrRio/jsPDF,True,True,True,False,True,True,False,True,True
pugjs/pug,True,True,True,False,True,False,False,True,True
usablica/intro.js,True,True,True,False,True,True,True,True,True
googlehosts/hosts,True,True,True,False,True,False,True,True,True
dmlc/xgboost,True,True,True,False,True,True,True,True,True
emscripten-core/emscripten,True,True,True,False,True,True,True,True,True
ColorlibHQ/gentelella,True,True,True,False,True,False,False,True,True
julycoding/The-Art-Of-Programming-By-July,True,True,True,False,True,True,False,True,True
tornadoweb/tornado,True,True,True,False,True,True,True,True,True
nlohmann/json,True,True,True,True,True,True,False,True,True
mitmproxy/mitmproxy,True,True,True,False,True,True,False,True,True
petkaantonov/bluebird,True,True,True,False,True,True,True,True,True
paularmstrong/normalizr,True,True,True,False,True,False,False,True,True
nefe/You-Dont-Need-jQuery,True,True,True,False,True,True,True,True,True
influxdata/influxdb,True,True,True,False,True,True,False,True,True
FallibleInc/security-guide-for-developers,True,True,True,False,True,True,False,True,True
tipsy/profile-summary-for-github,True,True,True,False,True,True,False,True,True
ramda/ramda,True,True,True,False,True,True,True,True,True
mqyqingfeng/Blog,True,True,True,False,True,True,False,True,True
go-gorm/gorm,True,True,True,False,True,False,True,True,True
ReactiveX/RxAndroid,True,True,True,False,True,False,True,True,True
vapor/vapor,True,True,True,False,True,False,False,True,True
formulahendry/955.WLB,True,True,True,False,True,True,False,True,True
futurice/android-best-practices,True,True,True,False,True,True,False,True,True
chubin/cheat.sh,True,True,True,False,True,True,False,True,True
react-native-elements/react-native-elements,True,True,True,False,True,True,False,True,True
doczjs/docz,True,True,True,False,True,True,False,True,True
enzymejs/enzyme,True,True,True,False,True,True,False,True,True
jlmakes/scrollreveal,True,True,True,False,True,False,True,True,True
SamyPesse/How-to-Make-a-Computer-Operating-System,True,True,True,False,True,True,False,True,True
apache/incubator-mxnet,True,True,True,False,True,True,False,True,True
domnikl/DesignPatternsPHP,True,True,True,False,True,True,False,True,True
inconshreveable/ngrok,True,True,True,False,True,True,False,True,True
NativeScript/NativeScript,True,True,True,False,True,True,True,True,True
donnemartin/data-science-ipython-notebooks,True,True,True,False,True,True,True,True,True
nagadomi/waifu2x,True,True,True,False,True,True,True,True,True
trailofbits/algo,True,True,True,True,True,True,False,True,True
postcss/autoprefixer,True,True,True,False,True,True,False,True,True
HeroTransitions/Hero,True,True,True,False,True,False,True,True,True
ReactiveX/RxSwift,True,True,True,False,True,True,True,True,True
google/web-starter-kit,True,True,True,False,True,True,True,True,True
kubernetes/minikube,True,True,True,False,True,True,False,True,True
chenglou/react-motion,True,True,True,False,True,True,True,True,True
mattermost/mattermost-server,True,True,True,False,True,False,False,True,True
lukasz-madon/awesome-remote-job,True,True,True,False,True,True,False,True,True
Prinzhorn/skrollr,True,True,True,False,True,True,True,True,True
kataras/iris,True,True,True,False,False,True,True,True,True
wsargent/docker-cheat-sheet,True,True,True,False,True,True,False,True,True
rollup/rollup,True,True,True,False,True,True,True,True,True
cockroachdb/cockroach,True,True,True,False,True,True,True,True,True
segmentio/nightmare,True,True,True,False,True,True,False,True,True
verekia/js-stack-from-scratch,True,True,True,False,True,True,False,True,True
pcottle/learnGitBranching,True,True,True,False,True,True,True,True,True
feathericons/feather,True,True,True,False,True,True,False,True,True
react-navigation/react-navigation,True,True,True,False,True,True,False,True,True
MostlyAdequate/mostly-adequate-guide,True,True,True,False,True,True,False,True,True
ruanyf/es6tutorial,True,True,True,False,True,True,True,True,True
facebook/draft-js,True,True,True,False,True,True,True,True,True
fastai/fastai,True,True,True,False,True,True,False,True,True
tmux/tmux,True,True,True,False,False,False,True,True,True
ftlabs/fastclick,True,True,True,False,True,True,False,True,True
CorentinJ/Real-Time-Voice-Cloning,True,True,True,False,True,False,True,True,True
tj/commander.js,True,True,True,False,True,True,True,True,True
QSCTech/zju-icicles,True,True,True,False,True,True,False,True,True
mongodb/mongo,True,False,True,False,True,True,True,True,True
balena-io/etcher,True,True,True,False,True,True,True,True,True
acmesh-official/acme.sh,True,True,True,False,True,True,True,True,True
xi-editor/xi-editor,True,True,True,False,True,True,False,True,True
google/gson,True,True,True,False,True,False,False,True,True
bcit-ci/CodeIgniter,True,True,True,False,True,True,True,True,True
encode/django-rest-framework,True,True,True,False,True,True,False,True,True
dotnet/aspnetcore,True,True,True,True,True,True,True,True,True
veggiemonk/awesome-docker,True,True,True,False,True,False,False,True,True
avajs/ava,True,True,True,False,True,False,False,True,True
bilibili/flv.js,True,True,True,False,True,True,False,True,True
cfenollosa/os-tutorial,True,True,True,False,True,True,True,True,True
pjreddie/darknet,True,True,True,False,True,True,True,True,True
SeleniumHQ/selenium,True,True,True,False,True,True,True,True,True
JohnCoates/Aerial,True,True,True,False,True,True,False,True,True
swagger-api/swagger-ui,True,True,True,False,True,True,True,True,True
nsqio/nsq,True,True,True,False,True,False,False,True,True
OAI/OpenAPI-Specification,True,True,True,False,True,True,True,True,True
ianstormtaylor/slate,True,True,True,False,True,False,False,True,True
dotnet/corefx,True,False,True,False,False,True,False,True,True
openfaas/faas,True,True,True,False,False,False,False,True,True
geekcomputers/Python,True,True,True,False,True,True,True,True,True
odoo/odoo,True,True,True,False,False,False,True,True,True
afollestad/material-dialogs,True,True,True,False,True,False,False,True,True
denysdovhan/wtfjs,True,True,True,False,True,False,False,True,True
iptv-org/iptv,True,True,True,False,True,False,False,True,True
react-bootstrap/react-bootstrap,True,True,True,False,True,True,True,True,True
ipfs/ipfs,True,True,True,False,True,False,False,True,True
SnapKit/Masonry,True,True,True,False,True,True,False,True,True
d2l-ai/d2l-zh,True,False,True,False,True,False,False,True,True
Popmotion/popmotion,True,True,True,False,True,False,False,True,True
facebook/docusaurus,True,True,True,True,True,True,False,True,True
bannedbook/fanqiang,True,True,True,False,True,True,True,True,True
jgraph/drawio,True,True,True,False,True,True,True,True,True
CMU-Perceptual-Computing-Lab/openpose,True,True,True,False,True,True,False,True,True
parse-community/parse-server,True,True,True,False,True,True,True,True,True
jcjohnson/neural-style,True,True,True,False,True,True,True,True,True
dhg/Skeleton,True,True,True,False,True,True,True,True,True
ruanyf/jstraining,True,True,True,False,True,True,False,True,True
vuejs/vue-devtools,True,True,True,False,True,True,False,True,True
jaredhanson/passport,True,True,True,False,True,True,True,True,True
vlang/v,True,True,True,False,True,True,True,True,True
alibaba/weex,True,True,True,False,True,True,True,True,True
Seldaek/monolog,True,True,True,False,True,False,True,True,True
square/picasso,True,True,True,False,True,False,False,True,True
spf13/cobra,True,True,True,False,True,True,False,True,True
fengdu78/Coursera-ML-AndrewNg-Notes,True,True,True,False,True,True,True,True,True
labstack/echo,True,True,True,False,True,True,True,True,True
sqlmapproject/sqlmap,True,True,True,False,True,True,True,True,True
android/architecture-components-samples,True,True,True,False,True,True,False,True,True
keon/algorithms,True,True,True,False,True,True,True,True,True
jamiebuilds/the-super-tiny-compiler,True,False,True,False,True,True,False,True,True
Wox-launcher/Wox,True,True,True,False,True,False,True,True,True
curl/curl,True,True,True,False,True,False,True,True,True
viatsko/awesome-vscode,True,True,True,False,True,True,False,True,True
helm/helm,True,True,True,False,True,True,True,True,True
react-spring/react-spring,True,True,True,True,True,True,False,True,True
komeiji-satori/Dress,True,True,True,False,True,True,False,True,True
jorgebucaran/hyperapp,True,True,True,False,True,False,False,True,True
davideuler/architecture.of.internet-product,True,True,True,False,True,True,False,True,True
hasura/graphql-engine,True,True,True,False,True,True,True,True,True
localForage/localForage,True,True,True,False,True,True,True,True,True
sampotts/plyr,True,True,True,False,True,True,True,True,True
go-kit/kit,True,True,True,False,True,True,False,True,True
google/python-fire,True,True,True,False,True,True,False,True,True
stedolan/jq,True,True,True,False,True,True,True,True,True
npm/npm,True,True,True,False,True,False,False,True,True
apache/airflow,True,True,True,False,True,True,False,True,True
tobiasahlin/SpinKit,True,True,True,False,True,True,True,True,True
Homebrew/homebrew-cask,True,True,True,False,True,False,False,True,True
felixrieseberg/windows95,True,True,True,False,True,False,False,True,True
matterport/Mask_RCNN,True,True,True,False,True,True,True,True,True
yunjey/pytorch-tutorial,True,True,True,False,True,True,False,True,True
libgdx/libgdx,True,True,True,False,True,True,True,True,True
mbadolato/iTerm2-Color-Schemes,True,True,True,False,True,True,False,True,True
lenve/vhr,True,True,True,False,True,True,True,True,True
airyland/vux,True,True,True,False,True,False,False,True,True
TeamStuQ/skill-map,True,True,True,False,True,True,False,True,True
elixir-lang/elixir,True,True,True,False,True,False,True,True,True
facebook/rocksdb,True,True,True,False,True,True,True,True,True
kilimchoi/engineering-blogs,True,True,True,False,True,True,True,True,True
yeasy/docker_practice,True,True,True,False,True,True,True,True,True
prisma/prisma1,True,True,True,False,True,False,False,True,True
BoostIO/Boostnote,True,True,True,False,True,True,True,True,True
kelthuzadx/hosts,True,True,True,False,True,True,True,True,True
immerjs/immer,True,True,True,False,True,True,False,True,True
lovell/sharp,True,True,True,False,True,False,False,True,True
nikitavoloboev/my-mac-os,True,True,True,False,True,True,False,True,True
ruby/ruby,True,False,True,False,True,False,False,True,True
osquery/osquery,True,True,True,False,True,True,False,True,True
chrisbanes/PhotoView,True,True,True,False,True,True,False,True,True
reduxjs/reselect,True,True,True,False,True,True,False,True,True
iperov/DeepFaceLab,True,True,True,False,True,True,False,True,True
necolas/react-native-web,True,True,True,False,True,False,False,True,True
microsoft/CNTK,True,True,True,False,True,False,True,True,True
vuejs/vuepress,True,True,True,False,True,True,True,True,True
facebook/flux,True,True,True,False,True,True,True,True,True
nostra13/Android-Universal-Image-Loader,True,True,True,False,True,True,True,True,True
jesseduffield/lazygit,True,True,True,False,True,True,True,True,True
eslint/eslint,True,True,True,False,True,True,False,True,True
benweet/stackedit,True,True,True,False,True,True,False,True,True
explosion/spaCy,True,True,True,False,True,False,False,True,True
julianshapiro/velocity,True,True,True,False,True,True,True,True,True
defunkt/jquery-pjax,True,True,True,False,True,True,False,True,True
highlightjs/highlight.js,True,True,True,False,True,True,True,True,True
angular/material,True,True,True,False,True,True,False,True,True
goldfire/howler.js,True,True,True,False,True,False,False,True,True
facebook/hhvm,True,True,True,False,True,True,True,True,True
SnapKit/SnapKit,True,True,True,False,True,True,True,True,True
laurent22/joplin,True,True,True,False,True,False,False,True,True
git-tips/tips,True,True,True,False,True,True,True,True,True
vuejs/vue-router,True,True,True,False,True,True,False,True,True
getredash/redash,True,True,True,False,True,True,False,True,True
ApolloAuto/apollo,True,True,True,False,True,False,True,True,True
gfwlist/gfwlist,True,True,True,False,True,True,True,True,True
rwaldron/idiomatic.js,True,True,True,False,True,True,False,True,True
psf/black,True,True,True,False,True,True,False,True,True
InterviewMap/CS-Interview-Knowledge-Map,True,True,True,False,True,True,False,True,True
eriklindernoren/ML-From-Scratch,True,True,True,False,True,True,False,True,True
adobe-fonts/source-code-pro,True,True,True,False,True,True,True,True,True
wekan/wekan,True,True,True,False,True,True,True,True,True
less/less.js,True,True,True,False,True,False,False,True,True
Micropoor/Micro8,True,True,True,False,True,True,True,True,True
palantir/blueprint,True,True,True,False,True,True,True,True,True
zhaoolee/ChromeAppHeroes,True,True,True,False,True,True,False,True,True
jhipster/generator-jhipster,True,True,True,False,True,True,False,True,True
sebastianbergmann/phpunit,True,True,True,False,True,False,True,True,True
graphql/graphql-js,True,True,True,False,True,True,True,True,True
onevcat/Kingfisher,True,True,True,False,True,False,True,True,True
hashicorp/vault,True,True,True,False,True,False,False,True,True
YMFE/yapi,True,True,True,False,True,False,False,True,True
marktext/marktext,True,True,True,False,True,True,True,True,True
nicolargo/glances,True,True,True,False,True,True,True,True,True
facebook/fresco,True,True,True,False,True,True,True,True,True
qiurunze123/miaosha,True,True,True,False,True,True,False,True,True
seata/seata,True,True,True,False,True,True,True,True,True
servo/servo,True,True,True,False,True,True,True,True,True
apache/kafka,True,False,True,False,True,True,False,True,True
fabricjs/fabric.js,True,True,True,False,True,True,True,True,True
twitter/typeahead.js,True,True,True,False,True,False,False,True,True
sebastianruder/NLP-progress,True,True,True,False,True,True,False,True,True
wenyan-lang/wenyan,True,True,True,False,True,True,True,True,True
vercel/pkg,True,True,True,False,True,False,False,True,True
uglide/RedisDesktopManager,True,True,True,False,True,False,False,True,True
golang-standards/project-layout,True,True,True,False,True,True,False,True,True
JacksonTian/fks,True,True,True,False,True,True,False,True,True
reactnativecn/react-native-guide,True,True,True,False,True,True,False,True,True
judasn/IntelliJ-IDEA-Tutorial,True,True,True,False,True,True,True,True,True
drduh/macOS-Security-and-Privacy-Guide,True,True,True,False,True,False,False,True,True
uikit/uikit,True,True,True,False,True,True,True,True,True
rust-unofficial/awesome-rust,True,True,True,False,True,False,False,True,True
google/googletest,True,True,True,False,True,False,False,True,True
mojs/mojs,True,True,True,False,False,True,True,True,True
ElemeFE/mint-ui,True,True,True,False,True,True,False,True,True
HelloZeroNet/ZeroNet,True,True,True,False,True,True,True,True,True
js-cookie/js-cookie,True,True,True,False,True,True,True,True,True
validatorjs/validator.js,True,True,True,False,True,True,True,True,True
jtoy/awesome-tensorflow,True,True,True,False,True,True,False,True,True
nosir/cleave.js,True,True,True,False,True,False,False,True,True
google/ExoPlayer,True,True,True,False,True,True,False,True,True
tiangolo/fastapi,True,True,True,False,True,True,False,True,True
swoole/swoole-src,True,True,True,False,True,False,False,True,True
alsotang/node-lessons,True,True,True,False,True,True,False,True,True
Kotlin/anko,True,True,True,False,True,False,True,True,True
jenkinsci/jenkins,True,False,True,False,True,False,False,True,True
Binaryify/NeteaseCloudMusicApi,True,True,True,False,True,True,False,True,True
eggjs/egg,True,True,True,False,True,False,True,True,True
jdg/MBProgressHUD,True,True,True,False,True,True,True,True,True
google/flexbox-layout,True,True,True,False,True,True,True,True,True
xkcoding/spring-boot-demo,True,True,True,False,True,True,False,True,True
winstonjs/winston,True,True,True,False,True,True,False,True,True
StevenBlack/hosts,True,True,True,False,True,True,True,True,True
wangzheng0822/algo,True,True,True,False,True,True,False,True,True
1c7/chinese-independent-developer,True,True,True,False,True,True,True,True,True
halo-dev/halo,True,True,True,False,True,True,True,True,True
jashkenas/coffeescript,True,True,True,False,True,True,True,True,True
hubotio/hubot,True,True,True,False,True,False,False,True,True
mysqljs/mysql,True,True,True,False,True,False,False,True,True
MLEveryday/100-Days-Of-ML-Code,True,True,True,False,True,True,False,True,True
framework7io/framework7,True,True,True,False,True,True,True,True,True
commaai/openpilot,True,True,True,False,True,True,True,True,True
FelisCatus/SwitchyOmega,True,True,True,False,True,True,True,True,True
android/plaid,True,True,True,False,True,True,False,True,True
alibaba/easyexcel,True,True,True,False,True,True,True,True,True
shuzheng/zheng,True,True,True,False,True,True,False,True,True
hollischuang/toBeTopJavaer,True,True,True,False,True,True,False,True,True
handlebars-lang/handlebars.js,True,True,True,False,True,True,False,True,True
reddit-archive/reddit,True,False,True,False,True,True,True,True,True
phoenixframework/phoenix,True,True,True,False,True,False,False,True,True
jesseduffield/lazydocker,True,True,True,False,True,True,False,True,True
ChristosChristofidis/awesome-deep-learning,True,True,True,False,True,True,False,True,True
v8/v8,True,False,True,False,True,False,True,True,True
libuv/libuv,True,True,True,False,True,True,True,True,True
rubocop-hq/ruby-style-guide,True,True,True,False,True,True,False,True,True
datasciencemasters/go,True,True,True,False,True,True,True,True,True
iissnan/hexo-theme-next,True,True,True,False,True,True,True,True,True
celery/celery,True,True,True,False,True,True,True,True,True
notable/notable,True,True,True,False,False,False,False,True,True
swisskyrepo/PayloadsAllTheThings,True,True,True,False,True,True,False,True,True
alibaba/ice,True,True,True,False,True,True,False,True,True
magenta/magenta,True,True,True,False,True,False,False,True,True
popperjs/popper-core,True,True,True,False,True,True,False,True,True
facebook/folly,True,True,True,False,True,True,True,True,True
fish-shell/fish-shell,True,True,True,False,True,True,True,True,True
sirupsen/logrus,True,True,True,False,True,True,True,True,True
visionmedia/superagent,True,True,True,False,True,True,True,True,True
basecamp/trix,True,True,True,False,True,False,True,True,True
jamiebuilds/react-loadable,True,False,True,False,True,False,False,True,True
wuyouzhuguli/SpringAll,True,True,True,False,True,True,False,True,True
ruanyf/react-demos,True,True,True,False,True,True,True,True,True
bower/bower,True,True,True,False,True,False,True,True,True
statsd/statsd,True,True,True,False,True,False,True,True,True
quasarframework/quasar,True,True,True,False,True,True,False,True,True
poteto/hiring-without-whiteboards,True,False,True,False,True,False,False,True,True
PHPMailer/PHPMailer,True,True,True,False,True,True,True,True,True
microsoft/MS-DOS,True,True,True,False,True,False,False,True,True
n0shake/Public-APIs,True,True,True,False,True,True,False,True,True
Tencent/tinker,True,True,True,False,True,True,True,True,True
ipader/SwiftGuide,True,True,True,False,True,True,True,True,True
hapijs/joi,True,True,True,False,True,True,False,True,True
electron-react-boilerplate/electron-react-boilerplate,True,True,True,False,True,False,True,True,True
dwmkerr/hacker-laws,True,True,True,False,True,True,False,True,True
enyo/dropzone,True,False,True,False,True,False,True,True,True
sindresorhus/quick-look-plugins,True,True,True,False,True,False,False,True,True
portainer/portainer,True,True,True,False,True,True,False,True,True
jeromeetienne/AR.js,True,True,True,False,True,True,True,True,True
crystal-lang/crystal,True,True,True,False,True,True,True,True,True
tqdm/tqdm,True,True,True,False,True,True,True,True,True
bazelbuild/bazel,True,True,True,False,True,True,True,True,True
0xd4d/dnSpy,True,True,True,False,True,False,True,True,True
nostalgic-css/NES.css,True,True,True,False,True,True,False,True,True
nuysoft/Mock,True,True,True,False,True,True,True,True,True
dvajs/dva,True,True,True,False,True,True,False,True,True
HubSpot/pace,True,True,True,False,True,True,False,True,True
didi/DoraemonKit,True,True,True,False,True,True,True,True,True
chaozh/awesome-blockchain-cn,True,True,True,False,True,True,False,True,True
reduxjs/redux-thunk,True,True,True,False,True,False,False,True,True
kriskowal/q,True,True,True,False,True,True,True,True,True
tsenart/vegeta,True,True,True,False,True,True,True,True,True
jasmine/jasmine,True,True,True,False,True,False,True,True,True
keystonejs/keystone-classic,True,True,True,False,True,True,True,True,True
iview/iview-admin,True,True,True,False,True,True,True,True,True
Developer-Y/cs-video-courses,True,True,True,False,True,True,False,True,True
homebridge/homebridge,True,True,True,False,True,False,True,True,True
madrobby/zepto,True,True,True,False,True,True,False,True,True
designmodo/Flat-UI,True,True,True,False,True,True,True,True,True
cjbarber/ToolsOfTheTrade,True,True,True,False,True,True,True,True,True
fastify/fastify,True,True,True,False,True,True,False,True,True
joewalnes/websocketd,True,True,True,False,True,True,True,True,True
desandro/masonry,True,True,True,False,True,False,False,True,True
shieldfy/API-Security-Checklist,True,True,True,False,True,True,False,True,True
typescript-cheatsheets/react-typescript-cheatsheet,True,True,True,False,True,True,False,True,True
wagerfield/parallax,True,True,True,False,True,True,False,True,True
microsoft/api-guidelines,True,True,True,False,True,False,False,True,True
zziz/pwc,True,True,True,False,True,True,False,True,True
chalk/chalk,True,True,True,False,True,False,False,True,True
google/eng-practices,True,True,True,False,True,False,False,True,True
oxford-cs-deepnlp-2017/lectures,True,True,True,False,True,True,False,True,True
facebook/relay,True,True,True,False,True,True,True,True,True
mxgmn/WaveFunctionCollapse,True,True,True,False,True,True,False,True,True
angular-ui/bootstrap,True,True,True,False,True,True,True,True,True
dennybritz/reinforcement-learning,True,True,True,False,True,True,False,True,True
google/flatbuffers,True,True,True,False,True,True,True,True,True
bradtraversy/design-resources-for-developers,True,True,True,False,True,True,False,True,True
libra/libra,True,True,True,False,True,True,False,True,True
ionic-team/ionicons,True,True,True,False,True,False,False,True,True
machinelearningmindset/TensorFlow-Course,True,True,True,False,True,True,False,True,True
Eugeny/terminus,True,True,True,True,True,True,True,True,True
yabwe/medium-editor,True,True,True,False,True,False,True,True,True
PostgREST/postgrest,True,True,True,False,True,True,True,True,True
material-components/material-components-web,True,True,True,False,True,False,False,True,True
Tencent/mars,True,True,True,False,True,True,True,True,True
rancher/rancher,True,True,True,False,True,True,True,True,True
acdlite/recompose,True,True,True,False,True,True,True,True,True
AobingJava/JavaFamily,True,True,True,False,True,True,False,True,True
nswbmw/N-blog,True,True,True,False,True,True,False,True,True
AllThingsSmitty/css-protips,True,True,True,False,True,True,False,True,True
xuxueli/xxl-job,True,True,True,False,True,True,True,True,True
cocos2d/cocos2d-x,True,True,True,False,True,True,True,True,True
briannesbitt/Carbon,True,True,True,False,True,False,False,True,True
spf13/spf13-vim,True,True,True,False,True,True,True,True,True
leereilly/games,True,True,True,False,True,True,False,True,True
airbnb/react-sketchapp,True,True,True,False,True,False,False,True,True
adam-golab/react-developer-roadmap,True,True,True,False,True,True,False,True,True
limetext/lime,True,True,True,False,True,True,True,True,True
alibaba/canal,True,True,True,False,True,True,True,True,True
altercation/solarized,True,True,True,False,True,True,False,True,True
microsoft/playwright,True,True,True,False,True,True,False,True,True
binux/pyspider,True,True,True,False,True,True,False,True,True
elastic/kibana,True,True,True,False,True,True,True,True,True
eligrey/FileSaver.js,True,True,True,False,True,True,True,True,True
twbs/ratchet,True,True,True,False,True,True,False,True,True
PKUanonym/REKCARC-TSC-UHT,True,True,True,False,True,True,False,True,True
hackiftekhar/IQKeyboardManager,True,True,True,False,True,True,True,True,True
infernojs/inferno,True,True,True,False,True,True,True,True,True
android10/Android-CleanArchitecture,True,True,True,False,True,True,True,True,True
charlax/professional-programming,True,True,True,False,True,True,True,True,True
svg/svgo,True,True,True,False,True,True,False,True,True
CarGuo/GSYVideoPlayer,True,True,True,False,True,True,True,True,True
dotnet-architecture/eShopOnContainers,True,True,True,False,True,True,True,True,True
Shopify/draggable,True,True,True,False,True,True,False,True,True
zyedidia/micro,True,True,True,False,True,True,True,True,True
websockets/ws,True,True,True,False,True,False,True,True,True
alibaba/spring-cloud-alibaba,True,True,True,False,True,True,True,True,True
hzlzh/Best-App,True,True,True,False,True,True,True,True,True
jsdom/jsdom,True,True,True,False,True,True,True,True,True
mozilla/DeepSpeech,True,True,True,False,False,True,True,True,True
DrKLO/Telegram,True,False,True,False,True,True,False,True,True
recharts/recharts,True,True,True,False,True,True,True,True,True
riot/riot,True,True,True,False,True,True,False,True,True
ipython/ipython,True,True,True,False,True,False,True,True,True
braydie/HowToBeAProgrammer,True,True,True,False,True,True,False,True,True
trekhleb/homemade-machine-learning,True,True,True,False,True,False,False,True,True
youzan/vant,True,True,True,False,True,True,False,True,True
rough-stuff/rough,True,True,True,False,True,True,True,True,True
apollographql/apollo-client,True,True,True,True,True,True,False,True,True
go-delve/delve,True,True,True,False,True,True,True,True,True
facebook/prepack,True,True,True,False,True,True,True,True,True
ccxt/ccxt,True,True,True,False,True,True,True,True,True
tj/git-extras,True,True,True,False,True,True,True,True,True
viraptor/reverse-interview,True,True,True,False,True,True,False,True,True
numpy/numpy,True,True,True,False,True,True,True,True,True
luong-komorebi/Awesome-Linux-Software,True,True,True,False,True,True,False,True,True
docsifyjs/docsify,True,True,True,False,True,True,False,True,True
yudai/gotty,True,True,True,False,True,True,False,True,True
SpaceVim/SpaceVim,True,True,True,False,False,False,True,True,True
urfave/cli,True,True,True,False,True,True,False,True,True
WordPress/WordPress,True,False,True,False,True,False,False,True,True
sharkdp/fd,True,True,True,False,True,False,False,True,True
GeekyAnts/NativeBase,True,True,True,False,True,True,False,True,True
realm/realm-cocoa,True,True,True,False,True,False,True,True,True
janl/mustache.js,True,True,True,False,True,True,True,True,True
dbeaver/dbeaver,True,True,True,False,True,True,True,True,True
wangshub/wechat_jump_game,True,True,True,False,True,True,True,True,True
zsh-users/zsh-autosuggestions,True,True,True,False,True,False,True,True,True
vim-airline/vim-airline,True,True,True,False,True,True,True,True,True
huge-success/sanic,True,True,True,False,True,False,True,True,True
fbsamples/f8app,True,True,True,False,True,True,False,True,True
dotnet/core,True,True,True,False,True,True,False,True,True
angular-ui/ui-router,True,True,True,False,True,True,True,True,True
Kong/insomnia,True,True,True,False,True,False,True,True,True
hwdsl2/setup-ipsec-vpn,True,True,True,False,False,False,False,True,True
Awesome-Windows/Awesome,True,True,True,False,True,True,False,True,True
menzi11/BullshitGenerator,True,True,True,False,True,True,False,True,True
apache/skywalking,True,True,True,False,True,False,False,True,True
css-modules/css-modules,True,True,True,False,True,True,True,True,True
getlantern/download,True,False,True,False,True,False,False,True,True
react-dnd/react-dnd,True,True,True,False,True,True,True,True,True
norvig/pytudes,True,True,True,False,True,True,False,True,True
Carthage/Carthage,True,True,True,False,True,True,False,True,True
toml-lang/toml,True,True,True,False,True,True,True,True,True
PerfectlySoft/Perfect,True,True,True,False,True,False,False,True,True
mybatis/mybatis-3,True,True,True,False,True,True,True,True,True
handsontable/handsontable,True,True,True,False,True,False,True,True,True
preservim/nerdtree,True,True,True,False,True,False,True,True,True
yaronn/blessed-contrib,True,True,True,False,True,True,True,True,True
ampproject/amphtml,True,True,True,False,True,True,False,True,True
MengTo/Spring,True,True,True,False,True,True,True,True,True
aFarkas/lazysizes,True,True,True,False,True,True,False,True,True
Awesome-HarmonyOS/HarmonyOS,True,False,True,False,True,True,False,True,True
FormidableLabs/webpack-dashboard,True,True,True,False,True,True,False,True,True
apache/incubator-weex,True,True,True,False,True,True,True,True,True
philc/vimium,True,True,True,False,True,True,True,True,True
zhangdaiscott/jeecg-boot,True,True,True,False,True,True,False,True,True
bokeh/bokeh,True,True,True,False,True,True,True,True,True
hemanth/functional-programming-jargon,True,True,True,False,True,True,True,True,True
cool-RR/PySnooper,True,True,True,False,True,True,False,True,True
helm/charts,True,True,True,False,True,False,False,True,True
dianping/cat,True,True,True,False,True,True,True,True,True
fivethirtyeight/data,True,True,True,False,True,True,True,True,True
30-seconds/30-seconds-of-css,True,True,True,False,True,True,False,True,True
datawhalechina/pumpkin-book,True,True,True,False,True,True,False,True,True
ibireme/YYKit,True,True,True,False,True,True,False,True,True
realm/SwiftLint,True,True,True,False,True,False,True,True,True
oblador/react-native-vector-icons,True,True,True,False,True,True,False,True,True
micro/go-micro,True,True,True,False,True,True,False,True,True
redisson/redisson,True,True,True,False,True,False,True,True,True
so-fancy/diff-so-fancy,True,True,True,False,True,True,True,True,True
nfl/react-helmet,True,True,True,False,True,True,True,True,True
pubkey/rxdb,True,True,True,False,True,False,False,True,True
geeeeeeeeek/electronic-wechat,True,True,True,False,True,True,True,True,True
tensorflow/tfjs,True,True,True,False,True,True,False,True,True
TKkk-iOSer/WeChatPlugin-MacOS,True,True,True,False,True,True,True,True,True
amazeui/amazeui,True,True,True,False,True,True,True,True,True
haoel/leetcode,True,True,True,False,True,True,False,True,True
source-foundry/Hack,True,True,True,False,True,False,False,True,True
cayleygraph/cayley,True,True,True,False,True,True,False,True,True
you-dont-need/You-Dont-Need-JavaScript,True,True,True,False,True,True,False,True,True
spotify/luigi,True,True,True,False,True,True,False,True,True
dgraph-io/dgraph,True,True,True,False,True,True,False,True,True
vuejs/vue-next,True,True,True,False,True,True,False,True,True
envoyproxy/envoy,True,True,True,False,True,True,True,True,True
cmusatyalab/openface,True,True,True,False,True,True,False,True,True
google/fonts,True,True,True,False,True,False,False,True,True
streamich/react-use,True,True,True,False,True,True,False,True,True
processing/p5.js,True,True,True,False,True,True,True,True,True
linlinjava/litemall,True,True,True,False,True,True,False,True,True
bitcoinbook/bitcoinbook,True,True,True,False,True,True,False,True,True
thepracticaldev/dev.to,True,True,True,False,True,True,False,True,True
vadimdemedes/ink,True,True,True,False,True,False,False,True,True
yiisoft/yii2,True,True,True,False,True,False,True,True,True
frappe/charts,True,True,True,False,True,True,False,True,True
ccgus/fmdb,True,True,True,False,True,True,True,True,True
kailashahirwar/cheatsheets-ai,True,True,True,False,True,True,False,True,True
jumpserver/jumpserver,True,True,True,False,True,True,True,True,True
facebookarchive/AsyncDisplayKit,True,True,True,False,True,True,True,True,True
lgvalle/Material-Animations,True,True,True,False,True,True,True,True,True
interagent/http-api-design,True,True,True,False,True,True,False,True,True
apache/flink,True,False,True,False,True,False,False,True,True
typicode/lowdb,True,True,True,False,True,True,True,True,True
nginx-proxy/nginx-proxy,True,True,True,False,True,True,True,True,True
angular/angular-seed,True,True,True,False,True,True,True,True,True
signalapp/Signal-Android,True,True,True,False,True,True,True,True,True
facebook/yoga,True,True,True,False,True,True,True,True,True
pytorch/examples,True,True,True,False,True,True,False,True,True
matomo-org/matomo,True,True,True,False,True,False,True,True,True
sqlitebrowser/sqlitebrowser,True,True,True,False,False,True,True,True,True
tj/n,True,True,True,False,True,True,True,True,True
forezp/SpringCloudLearning,True,True,True,False,True,True,False,True,True
looly/hutool,True,True,True,False,True,True,False,True,True
salomonelli/best-resume-ever,True,True,True,False,True,False,False,True,True
